instance,p1_InfectionSuspected_case_categories,p1_InfectionSuspected_case_categories_False,p1_InfectionSuspected_case_categories_True,property_code,variant
XJ,True,0.0,1.0,01,0
I,True,0.0,1.0,01,0
WEA,True,0.0,1.0,01,0
OT,True,0.0,1.0,01,0
ULA,True,0.0,1.0,01,0
BV,True,0.0,1.0,01,0
MY,True,0.0,1.0,01,0
ZS,True,0.0,1.0,01,0
SGA,True,0.0,1.0,01,0
QKA,True,0.0,1.0,01,0
HA,False,1.0,0.0,10,1
VIA,True,0.0,1.0,01,0
JR,True,0.0,1.0,01,0
YP,True,0.0,1.0,01,0
LS,True,0.0,1.0,01,0
DN,True,0.0,1.0,01,0
AH,True,0.0,1.0,01,0
FHA,True,0.0,1.0,01,0
PMA,True,0.0,1.0,01,0
PCA,False,1.0,0.0,10,1
VS,True,0.0,1.0,01,0
AS,True,0.0,1.0,01,0
CG,True,0.0,1.0,01,0
YEA,True,0.0,1.0,01,0
VG,False,1.0,0.0,10,1
JN,True,0.0,1.0,01,0
ZR,True,0.0,1.0,01,0
UQ,False,1.0,0.0,10,1
LZ,True,0.0,1.0,01,0
IDA,True,0.0,1.0,01,0
PC,False,1.0,0.0,10,1
CS,True,0.0,1.0,01,0
DU,True,0.0,1.0,01,0
SS,True,0.0,1.0,01,0
LB,True,0.0,1.0,01,0
RL,False,1.0,0.0,10,1
XFA,False,1.0,0.0,10,1
ND,True,0.0,1.0,01,0
JQ,False,1.0,0.0,10,1
LAA,True,0.0,1.0,01,0
FV,True,0.0,1.0,01,0
AU,True,0.0,1.0,01,0
FCA,True,0.0,1.0,01,0
VR,False,1.0,0.0,10,1
SEA,True,0.0,1.0,01,0
EKA,True,0.0,1.0,01,0
UG,True,0.0,1.0,01,0
MP,True,0.0,1.0,01,0
DO,True,0.0,1.0,01,0
YIA,True,0.0,1.0,01,0
HAA,True,0.0,1.0,01,0
PH,True,0.0,1.0,01,0
HG,True,0.0,1.0,01,0
NFA,True,0.0,1.0,01,0
Q,False,1.0,0.0,10,1
ZLA,True,0.0,1.0,01,0
BJA,True,0.0,1.0,01,0
KE,True,0.0,1.0,01,0
AD,True,0.0,1.0,01,0
AI,True,0.0,1.0,01,0
OA,True,0.0,1.0,01,0
ICA,False,1.0,0.0,10,1
OC,True,0.0,1.0,01,0
UX,True,0.0,1.0,01,0
MI,True,0.0,1.0,01,0
AW,True,0.0,1.0,01,0
SM,True,0.0,1.0,01,0
CA,True,0.0,1.0,01,0
KMA,True,0.0,1.0,01,0
JFA,False,1.0,0.0,10,1
RDA,True,0.0,1.0,01,0
CEA,True,0.0,1.0,01,0
XJA,True,0.0,1.0,01,0
KA,True,0.0,1.0,01,0
MC,True,0.0,1.0,01,0
WF,True,0.0,1.0,01,0
XI,True,0.0,1.0,01,0
ZX,True,0.0,1.0,01,0
RQ,True,0.0,1.0,01,0
OL,True,0.0,1.0,01,0
CN,True,0.0,1.0,01,0
J,True,0.0,1.0,01,0
FX,True,0.0,1.0,01,0
WLA,False,1.0,0.0,10,1
AY,False,1.0,0.0,10,1
OHA,True,0.0,1.0,01,0
TU,False,1.0,0.0,10,1
HDA,True,0.0,1.0,01,0
VU,True,0.0,1.0,01,0
EX,True,0.0,1.0,01,0
RE,True,0.0,1.0,01,0
QM,True,0.0,1.0,01,0
IEA,True,0.0,1.0,01,0
VLA,True,0.0,1.0,01,0
JEA,True,0.0,1.0,01,0
VP,True,0.0,1.0,01,0
THA,True,0.0,1.0,01,0
GGA,True,0.0,1.0,01,0
IP,False,1.0,0.0,10,1
RY,True,0.0,1.0,01,0
XN,True,0.0,1.0,01,0
ML,True,0.0,1.0,01,0
SAA,False,1.0,0.0,10,1
TMA,True,0.0,1.0,01,0
QN,True,0.0,1.0,01,0
BZ,False,1.0,0.0,10,1
QFA,False,1.0,0.0,10,1
TC,True,0.0,1.0,01,0
SA,True,0.0,1.0,01,0
CO,True,0.0,1.0,01,0
ZFA,True,0.0,1.0,01,0
MBA,True,0.0,1.0,01,0
S,True,0.0,1.0,01,0
YL,True,0.0,1.0,01,0
IKA,True,0.0,1.0,01,0
UZ,True,0.0,1.0,01,0
RR,True,0.0,1.0,01,0
TF,False,1.0,0.0,10,1
HM,False,1.0,0.0,10,1
SKA,False,1.0,0.0,10,1
SCA,True,0.0,1.0,01,0
CK,False,1.0,0.0,10,1
VX,False,1.0,0.0,10,1
MR,True,0.0,1.0,01,0
NDA,True,0.0,1.0,01,0
SHA,True,0.0,1.0,01,0
TM,True,0.0,1.0,01,0
VHA,False,1.0,0.0,10,1
US,True,0.0,1.0,01,0
HU,False,1.0,0.0,10,1
JMA,True,0.0,1.0,01,0
ZO,True,0.0,1.0,01,0
UFA,True,0.0,1.0,01,0
NY,True,0.0,1.0,01,0
OEA,True,0.0,1.0,01,0
YU,False,1.0,0.0,10,1
VAA,True,0.0,1.0,01,0
SR,True,0.0,1.0,01,0
CL,False,1.0,0.0,10,1
BI,True,0.0,1.0,01,0
WV,True,0.0,1.0,01,0
DJA,False,1.0,0.0,10,1
C,True,0.0,1.0,01,0
IBA,True,0.0,1.0,01,0
EQ,True,0.0,1.0,01,0
CB,True,0.0,1.0,01,0
DDA,True,0.0,1.0,01,0
MLA,False,1.0,0.0,10,1
EEA,True,0.0,1.0,01,0
MAA,False,1.0,0.0,10,1
DD,True,0.0,1.0,01,0
ZP,True,0.0,1.0,01,0
DM,True,0.0,1.0,01,0
YT,True,0.0,1.0,01,0
GIA,True,0.0,1.0,01,0
QJ,True,0.0,1.0,01,0
GV,True,0.0,1.0,01,0
JG,True,0.0,1.0,01,0
CDA,False,1.0,0.0,10,1
TFA,False,1.0,0.0,10,1
AB,True,0.0,1.0,01,0
PJA,True,0.0,1.0,01,0
DA,True,0.0,1.0,01,0
XY,True,0.0,1.0,01,0
HV,True,0.0,1.0,01,0
SK,True,0.0,1.0,01,0
AM,False,1.0,0.0,10,1
KJA,False,1.0,0.0,10,1
LN,True,0.0,1.0,01,0
HMA,False,1.0,0.0,10,1
ED,True,0.0,1.0,01,0
GJ,True,0.0,1.0,01,0
DE,False,1.0,0.0,10,1
MG,False,1.0,0.0,10,1
VGA,True,0.0,1.0,01,0
BE,True,0.0,1.0,01,0
MQ,True,0.0,1.0,01,0
AZ,True,0.0,1.0,01,0
TO,True,0.0,1.0,01,0
XC,True,0.0,1.0,01,0
JB,True,0.0,1.0,01,0
VO,True,0.0,1.0,01,0
K,True,0.0,1.0,01,0
FBA,False,1.0,0.0,10,1
KD,True,0.0,1.0,01,0
CQ,True,0.0,1.0,01,0
SFA,True,0.0,1.0,01,0
OM,True,0.0,1.0,01,0
JE,True,0.0,1.0,01,0
PQ,False,1.0,0.0,10,1
AEA,True,0.0,1.0,01,0
UC,True,0.0,1.0,01,0
AX,False,1.0,0.0,10,1
EC,True,0.0,1.0,01,0
IW,True,0.0,1.0,01,0
BN,True,0.0,1.0,01,0
JH,True,0.0,1.0,01,0
NR,True,0.0,1.0,01,0
OK,True,0.0,1.0,01,0
JC,True,0.0,1.0,01,0
YCA,True,0.0,1.0,01,0
CX,True,0.0,1.0,01,0
BH,True,0.0,1.0,01,0
JAA,True,0.0,1.0,01,0
TJ,True,0.0,1.0,01,0
EM,True,0.0,1.0,01,0
FIA,False,1.0,0.0,10,1
PJ,True,0.0,1.0,01,0
GKA,False,1.0,0.0,10,1
XG,True,0.0,1.0,01,0
DEA,True,0.0,1.0,01,0
GDA,False,1.0,0.0,10,1
MU,True,0.0,1.0,01,0
IGA,True,0.0,1.0,01,0
BG,False,1.0,0.0,10,1
JGA,False,1.0,0.0,10,1
KFA,True,0.0,1.0,01,0
HE,True,0.0,1.0,01,0
PP,False,1.0,0.0,10,1
FEA,True,0.0,1.0,01,0
LF,False,1.0,0.0,10,1
DC,True,0.0,1.0,01,0
PN,False,1.0,0.0,10,1
FQ,True,0.0,1.0,01,0
JDA,True,0.0,1.0,01,0
SG,False,1.0,0.0,10,1
OCA,False,1.0,0.0,10,1
IH,True,0.0,1.0,01,0
HY,True,0.0,1.0,01,0
BU,True,0.0,1.0,01,0
BB,False,1.0,0.0,10,1
EJA,True,0.0,1.0,01,0
NJ,True,0.0,1.0,01,0
EGA,True,0.0,1.0,01,0
AE,True,0.0,1.0,01,0
H,False,1.0,0.0,10,1
KW,True,0.0,1.0,01,0
FC,False,1.0,0.0,10,1
XGA,True,0.0,1.0,01,0
SQ,False,1.0,0.0,10,1
ON,True,0.0,1.0,01,0
TQ,True,0.0,1.0,01,0
TGA,True,0.0,1.0,01,0
LE,True,0.0,1.0,01,0
NEA,True,0.0,1.0,01,0
YS,True,0.0,1.0,01,0
ZKA,True,0.0,1.0,01,0
NMA,True,0.0,1.0,01,0
GL,True,0.0,1.0,01,0
OH,True,0.0,1.0,01,0
DV,True,0.0,1.0,01,0
YG,True,0.0,1.0,01,0
XH,True,0.0,1.0,01,0
NCA,True,0.0,1.0,01,0
GH,True,0.0,1.0,01,0
FY,True,0.0,1.0,01,0
YJA,True,0.0,1.0,01,0
LI,True,0.0,1.0,01,0
UL,True,0.0,1.0,01,0
YH,False,1.0,0.0,10,1
DF,False,1.0,0.0,10,1
PHA,True,0.0,1.0,01,0
LKA,True,0.0,1.0,01,0
VJ,True,0.0,1.0,01,0
UA,True,0.0,1.0,01,0
BQ,True,0.0,1.0,01,0
IB,True,0.0,1.0,01,0
JL,True,0.0,1.0,01,0
IIA,True,0.0,1.0,01,0
IN,True,0.0,1.0,01,0
IT,True,0.0,1.0,01,0
FN,True,0.0,1.0,01,0
BR,True,0.0,1.0,01,0
DT,True,0.0,1.0,01,0
JS,True,0.0,1.0,01,0
PIA,True,0.0,1.0,01,0
XP,True,0.0,1.0,01,0
DKA,True,0.0,1.0,01,0
GW,True,0.0,1.0,01,0
MM,False,1.0,0.0,10,1
MGA,True,0.0,1.0,01,0
EHA,True,0.0,1.0,01,0
VT,True,0.0,1.0,01,0
HT,True,0.0,1.0,01,0
SMA,True,0.0,1.0,01,0
YLA,False,1.0,0.0,10,1
KF,True,0.0,1.0,01,0
JY,True,0.0,1.0,01,0
FJ,True,0.0,1.0,01,0
WH,False,1.0,0.0,10,1
TR,True,0.0,1.0,01,0
BW,True,0.0,1.0,01,0
Z,True,0.0,1.0,01,0
XE,True,0.0,1.0,01,0
UR,True,0.0,1.0,01,0
OP,True,0.0,1.0,01,0
AR,True,0.0,1.0,01,0
RHA,False,1.0,0.0,10,1
LT,True,0.0,1.0,01,0
AF,True,0.0,1.0,01,0
YDA,True,0.0,1.0,01,0
OJ,True,0.0,1.0,01,0
ZD,False,1.0,0.0,10,1
MA,True,0.0,1.0,01,0
QZ,True,0.0,1.0,01,0
AL,True,0.0,1.0,01,0
RD,True,0.0,1.0,01,0
ZN,False,1.0,0.0,10,1
ZM,True,0.0,1.0,01,0
NF,True,0.0,1.0,01,0
QHA,True,0.0,1.0,01,0
OF,False,1.0,0.0,10,1
CP,True,0.0,1.0,01,0
HK,True,0.0,1.0,01,0
UV,True,0.0,1.0,01,0
IC,True,0.0,1.0,01,0
FLA,False,1.0,0.0,10,1
PLA,True,0.0,1.0,01,0
SI,True,0.0,1.0,01,0
YZ,True,0.0,1.0,01,0
VQ,True,0.0,1.0,01,0
XAA,True,0.0,1.0,01,0
OR,True,0.0,1.0,01,0
XA,False,1.0,0.0,10,1
YN,False,1.0,0.0,10,1
YAA,False,1.0,0.0,10,1
LY,False,1.0,0.0,10,1
FKA,False,1.0,0.0,10,1
MEA,True,0.0,1.0,01,0
AFA,True,0.0,1.0,01,0
XV,True,0.0,1.0,01,0
RM,False,1.0,0.0,10,1
WW,True,0.0,1.0,01,0
HB,True,0.0,1.0,01,0
GT,False,1.0,0.0,10,1
WMA,False,1.0,0.0,10,1
YK,True,0.0,1.0,01,0
CV,True,0.0,1.0,01,0
CR,True,0.0,1.0,01,0
LEA,True,0.0,1.0,01,0
DR,True,0.0,1.0,01,0
FI,True,0.0,1.0,01,0
WE,False,1.0,0.0,10,1
OIA,True,0.0,1.0,01,0
P,False,1.0,0.0,10,1
QLA,True,0.0,1.0,01,0
RB,False,1.0,0.0,10,1
TS,True,0.0,1.0,01,0
BBA,True,0.0,1.0,01,0
WCA,True,0.0,1.0,01,0
JA,True,0.0,1.0,01,0
ECA,True,0.0,1.0,01,0
CIA,True,0.0,1.0,01,0
ZB,True,0.0,1.0,01,0
PBA,True,0.0,1.0,01,0
WC,True,0.0,1.0,01,0
PZ,True,0.0,1.0,01,0
XBA,True,0.0,1.0,01,0
OX,True,0.0,1.0,01,0
MN,False,1.0,0.0,10,1
YX,True,0.0,1.0,01,0
HC,True,0.0,1.0,01,0
U,False,1.0,0.0,10,1
SB,True,0.0,1.0,01,0
PFA,True,0.0,1.0,01,0
YI,True,0.0,1.0,01,0
LC,True,0.0,1.0,01,0
BHA,True,0.0,1.0,01,0
SL,True,0.0,1.0,01,0
DMA,False,1.0,0.0,10,1
EF,True,0.0,1.0,01,0
XW,True,0.0,1.0,01,0
FJA,True,0.0,1.0,01,0
GFA,True,0.0,1.0,01,0
GA,True,0.0,1.0,01,0
OW,True,0.0,1.0,01,0
IY,True,0.0,1.0,01,0
JP,False,1.0,0.0,10,1
KO,True,0.0,1.0,01,0
PI,True,0.0,1.0,01,0
JLA,True,0.0,1.0,01,0
MJA,False,1.0,0.0,10,1
JJA,False,1.0,0.0,10,1
RS,True,0.0,1.0,01,0
HI,True,0.0,1.0,01,0
IJA,True,0.0,1.0,01,0
BL,True,0.0,1.0,01,0
PKA,True,0.0,1.0,01,0
UU,False,1.0,0.0,10,1
YD,True,0.0,1.0,01,0
MX,True,0.0,1.0,01,0
BA,True,0.0,1.0,01,0
F,True,0.0,1.0,01,0
TBA,True,0.0,1.0,01,0
UBA,True,0.0,1.0,01,0
PL,True,0.0,1.0,01,0
YM,True,0.0,1.0,01,0
FT,True,0.0,1.0,01,0
ZIA,True,0.0,1.0,01,0
RFA,True,0.0,1.0,01,0
EIA,True,0.0,1.0,01,0
GBA,True,0.0,1.0,01,0
AG,False,1.0,0.0,10,1
QJA,True,0.0,1.0,01,0
XU,True,0.0,1.0,01,0
PY,True,0.0,1.0,01,0
HCA,True,0.0,1.0,01,0
FD,True,0.0,1.0,01,0
WX,True,0.0,1.0,01,0
EK,True,0.0,1.0,01,0
KDA,False,1.0,0.0,10,1
TDA,True,0.0,1.0,01,0
EH,True,0.0,1.0,01,0
CF,True,0.0,1.0,01,0
FA,True,0.0,1.0,01,0
KP,True,0.0,1.0,01,0
SY,True,0.0,1.0,01,0
FDA,True,0.0,1.0,01,0
NO,True,0.0,1.0,01,0
VCA,True,0.0,1.0,01,0
XK,False,1.0,0.0,10,1
NH,True,0.0,1.0,01,0
RP,False,1.0,0.0,10,1
UP,True,0.0,1.0,01,0
ANA,False,1.0,0.0,10,1
XHA,True,0.0,1.0,01,0
MT,True,0.0,1.0,01,0
AJA,True,0.0,1.0,01,0
XMA,False,1.0,0.0,10,1
ME,True,0.0,1.0,01,0
IR,True,0.0,1.0,01,0
YBA,True,0.0,1.0,01,0
XX,True,0.0,1.0,01,0
SIA,True,0.0,1.0,01,0
DCA,True,0.0,1.0,01,0
KG,True,0.0,1.0,01,0
VBA,False,1.0,0.0,10,1
AN,True,0.0,1.0,01,0
AHA,True,0.0,1.0,01,0
FB,True,0.0,1.0,01,0
LCA,True,0.0,1.0,01,0
UE,True,0.0,1.0,01,0
ZA,True,0.0,1.0,01,0
JIA,True,0.0,1.0,01,0
XIA,False,1.0,0.0,10,1
IJ,True,0.0,1.0,01,0
BY,True,0.0,1.0,01,0
YR,True,0.0,1.0,01,0
NJA,True,0.0,1.0,01,0
XKA,True,0.0,1.0,01,0
YGA,True,0.0,1.0,01,0
AIA,True,0.0,1.0,01,0
SJA,True,0.0,1.0,01,0
QBA,True,0.0,1.0,01,0
YO,True,0.0,1.0,01,0
VF,True,0.0,1.0,01,0
HEA,True,0.0,1.0,01,0
OD,True,0.0,1.0,01,0
RLA,True,0.0,1.0,01,0
BKA,True,0.0,1.0,01,0
EU,True,0.0,1.0,01,0
GF,True,0.0,1.0,01,0
BEA,True,0.0,1.0,01,0
TIA,False,1.0,0.0,10,1
QT,True,0.0,1.0,01,0
MFA,True,0.0,1.0,01,0
VL,True,0.0,1.0,01,0
BO,False,1.0,0.0,10,1
KH,True,0.0,1.0,01,0
FP,True,0.0,1.0,01,0
NI,True,0.0,1.0,01,0
CT,True,0.0,1.0,01,0
NBA,False,1.0,0.0,10,1
ODA,True,0.0,1.0,01,0
EY,True,0.0,1.0,01,0
SP,False,1.0,0.0,10,1
PD,True,0.0,1.0,01,0
NQ,False,1.0,0.0,10,1
DB,True,0.0,1.0,01,0
TP,True,0.0,1.0,01,0
JHA,False,1.0,0.0,10,1
CY,True,0.0,1.0,01,0
KC,True,0.0,1.0,01,0
CCA,True,0.0,1.0,01,0
AQ,True,0.0,1.0,01,0
ZF,True,0.0,1.0,01,0
NKA,True,0.0,1.0,01,0
IV,True,0.0,1.0,01,0
IZ,False,1.0,0.0,10,1
GHA,True,0.0,1.0,01,0
VZ,False,1.0,0.0,10,1
IHA,True,0.0,1.0,01,0
UMA,True,0.0,1.0,01,0
EA,True,0.0,1.0,01,0
LL,True,0.0,1.0,01,0
EFA,False,1.0,0.0,10,1
AT,True,0.0,1.0,01,0
OE,False,1.0,0.0,10,1
TKA,True,0.0,1.0,01,0
WN,True,0.0,1.0,01,0
JW,True,0.0,1.0,01,0
LJA,True,0.0,1.0,01,0
JT,True,0.0,1.0,01,0
N,True,0.0,1.0,01,0
WL,True,0.0,1.0,01,0
RU,True,0.0,1.0,01,0
MH,False,1.0,0.0,10,1
NGA,True,0.0,1.0,01,0
PS,True,0.0,1.0,01,0
KB,True,0.0,1.0,01,0
NK,True,0.0,1.0,01,0
LX,True,0.0,1.0,01,0
RGA,True,0.0,1.0,01,0
PX,False,1.0,0.0,10,1
OFA,True,0.0,1.0,01,0
RF,True,0.0,1.0,01,0
ELA,True,0.0,1.0,01,0
VMA,False,1.0,0.0,10,1
DK,True,0.0,1.0,01,0
ADA,True,0.0,1.0,01,0
WJA,True,0.0,1.0,01,0
FU,True,0.0,1.0,01,0
QIA,True,0.0,1.0,01,0
UDA,True,0.0,1.0,01,0
QEA,True,0.0,1.0,01,0
EAA,False,1.0,0.0,10,1
UK,False,1.0,0.0,10,1
BLA,True,0.0,1.0,01,0
GQ,True,0.0,1.0,01,0
RCA,True,0.0,1.0,01,0
PT,True,0.0,1.0,01,0
RJA,True,0.0,1.0,01,0
GJA,True,0.0,1.0,01,0
JU,True,0.0,1.0,01,0
QO,False,1.0,0.0,10,1
HHA,True,0.0,1.0,01,0
NW,True,0.0,1.0,01,0
KGA,False,1.0,0.0,10,1
KQ,False,1.0,0.0,10,1
UN,False,1.0,0.0,10,1
NIA,True,0.0,1.0,01,0
NZ,True,0.0,1.0,01,0
WHA,True,0.0,1.0,01,0
DH,True,0.0,1.0,01,0
VN,True,0.0,1.0,01,0
HW,False,1.0,0.0,10,1
CFA,True,0.0,1.0,01,0
EO,True,0.0,1.0,01,0
ZE,True,0.0,1.0,01,0
GEA,True,0.0,1.0,01,0
TZ,True,0.0,1.0,01,0
PEA,True,0.0,1.0,01,0
TEA,True,0.0,1.0,01,0
FL,True,0.0,1.0,01,0
GD,True,0.0,1.0,01,0
QQ,True,0.0,1.0,01,0
TW,True,0.0,1.0,01,0
YF,True,0.0,1.0,01,0
XT,True,0.0,1.0,01,0
D,True,0.0,1.0,01,0
YA,True,0.0,1.0,01,0
IA,True,0.0,1.0,01,0
KN,True,0.0,1.0,01,0
VH,False,1.0,0.0,10,1
HJ,True,0.0,1.0,01,0
DP,True,0.0,1.0,01,0
QDA,False,1.0,0.0,10,1
OG,False,1.0,0.0,10,1
SN,True,0.0,1.0,01,0
DAA,True,0.0,1.0,01,0
ZC,True,0.0,1.0,01,0
JD,True,0.0,1.0,01,0
GU,True,0.0,1.0,01,0
YC,True,0.0,1.0,01,0
TL,True,0.0,1.0,01,0
EE,False,1.0,0.0,10,1
CHA,True,0.0,1.0,01,0
BT,True,0.0,1.0,01,0
YV,True,0.0,1.0,01,0
UB,True,0.0,1.0,01,0
ZEA,True,0.0,1.0,01,0
FM,True,0.0,1.0,01,0
GN,True,0.0,1.0,01,0
EV,True,0.0,1.0,01,0
TV,True,0.0,1.0,01,0
TJA,True,0.0,1.0,01,0
AMA,False,1.0,0.0,10,1
RX,False,1.0,0.0,10,1
AJ,True,0.0,1.0,01,0
II,True,0.0,1.0,01,0
TLA,True,0.0,1.0,01,0
DZ,True,0.0,1.0,01,0
PM,True,0.0,1.0,01,0
ZH,True,0.0,1.0,01,0
HBA,True,0.0,1.0,01,0
DQ,True,0.0,1.0,01,0
BMA,True,0.0,1.0,01,0
IE,False,1.0,0.0,10,1
EL,True,0.0,1.0,01,0
KBA,True,0.0,1.0,01,0
JKA,True,0.0,1.0,01,0
OJA,False,1.0,0.0,10,1
GNA,True,0.0,1.0,01,0
ST,True,0.0,1.0,01,0
HNA,True,0.0,1.0,01,0
GE,True,0.0,1.0,01,0
WP,True,0.0,1.0,01,0
UD,True,0.0,1.0,01,0
QCA,True,0.0,1.0,01,0
IG,False,1.0,0.0,10,1
TAA,True,0.0,1.0,01,0
BS,True,0.0,1.0,01,0
AKA,False,1.0,0.0,10,1
UT,True,0.0,1.0,01,0
RBA,True,0.0,1.0,01,0
KU,True,0.0,1.0,01,0
EP,True,0.0,1.0,01,0
TT,False,1.0,0.0,10,1
FF,True,0.0,1.0,01,0
RK,True,0.0,1.0,01,0
AGA,True,0.0,1.0,01,0
BF,True,0.0,1.0,01,0
VM,True,0.0,1.0,01,0
KV,False,1.0,0.0,10,1
KS,True,0.0,1.0,01,0
RZ,True,0.0,1.0,01,0
RJ,True,0.0,1.0,01,0
CJ,True,0.0,1.0,01,0
WAA,True,0.0,1.0,01,0
TA,False,1.0,0.0,10,1
NN,True,0.0,1.0,01,0
BGA,True,0.0,1.0,01,0
LGA,True,0.0,1.0,01,0
GCA,True,0.0,1.0,01,0
WT,True,0.0,1.0,01,0
UCA,False,1.0,0.0,10,1
YKA,True,0.0,1.0,01,0
SH,True,0.0,1.0,01,0
QW,True,0.0,1.0,01,0
OMA,True,0.0,1.0,01,0
WGA,True,0.0,1.0,01,0
GAA,True,0.0,1.0,01,0
UHA,False,1.0,0.0,10,1
LLA,False,1.0,0.0,10,1
SV,True,0.0,1.0,01,0
EI,True,0.0,1.0,01,0
JBA,True,0.0,1.0,01,0
SX,True,0.0,1.0,01,0
DGA,True,0.0,1.0,01,0
BX,True,0.0,1.0,01,0
IS,True,0.0,1.0,01,0
XD,True,0.0,1.0,01,0
FMA,True,0.0,1.0,01,0
KK,False,1.0,0.0,10,1
WDA,True,0.0,1.0,01,0
QMA,True,0.0,1.0,01,0
OKA,True,0.0,1.0,01,0
GY,True,0.0,1.0,01,0
QF,True,0.0,1.0,01,0
OAA,True,0.0,1.0,01,0
KM,True,0.0,1.0,01,0
GC,True,0.0,1.0,01,0
ID,False,1.0,0.0,10,1
RN,True,0.0,1.0,01,0
YE,True,0.0,1.0,01,0
SW,True,0.0,1.0,01,0
PGA,True,0.0,1.0,01,0
GB,True,0.0,1.0,01,0
AO,False,1.0,0.0,10,1
IX,True,0.0,1.0,01,0
KJ,True,0.0,1.0,01,0
SJ,True,0.0,1.0,01,0
QX,True,0.0,1.0,01,0
QR,False,1.0,0.0,10,1
LFA,True,0.0,1.0,01,0
RT,True,0.0,1.0,01,0
MK,True,0.0,1.0,01,0
KAA,False,1.0,0.0,10,1
WR,True,0.0,1.0,01,0
DI,True,0.0,1.0,01,0
HLA,True,0.0,1.0,01,0
XS,True,0.0,1.0,01,0
UIA,True,0.0,1.0,01,0
L,True,0.0,1.0,01,0
CMA,True,0.0,1.0,01,0
LP,True,0.0,1.0,01,0
SDA,True,0.0,1.0,01,0
QAA,True,0.0,1.0,01,0
YMA,False,1.0,0.0,10,1
RH,False,1.0,0.0,10,1
OS,True,0.0,1.0,01,0
SU,True,0.0,1.0,01,0
BIA,True,0.0,1.0,01,0
MJ,True,0.0,1.0,01,0
VW,True,0.0,1.0,01,0
MZ,True,0.0,1.0,01,0
G,True,0.0,1.0,01,0
ZHA,True,0.0,1.0,01,0
BNA,False,1.0,0.0,10,1
TH,True,0.0,1.0,01,0
TK,False,1.0,0.0,10,1
REA,False,1.0,0.0,10,1
UEA,False,1.0,0.0,10,1
QY,False,1.0,0.0,10,1
VDA,True,0.0,1.0,01,0
FNA,True,0.0,1.0,01,0
LHA,True,0.0,1.0,01,0
NT,True,0.0,1.0,01,0
EMA,True,0.0,1.0,01,0
OLA,True,0.0,1.0,01,0
VEA,True,0.0,1.0,01,0
ZDA,True,0.0,1.0,01,0
TB,False,1.0,0.0,10,1
GI,True,0.0,1.0,01,0
NC,True,0.0,1.0,01,0
KHA,True,0.0,1.0,01,0
LMA,False,1.0,0.0,10,1
VY,True,0.0,1.0,01,0
PAA,True,0.0,1.0,01,0
DIA,False,1.0,0.0,10,1
WY,False,1.0,0.0,10,1
SC,True,0.0,1.0,01,0
NHA,True,0.0,1.0,01,0
KKA,True,0.0,1.0,01,0
UKA,True,0.0,1.0,01,0
JM,False,1.0,0.0,10,1
WZ,True,0.0,1.0,01,0
SO,True,0.0,1.0,01,0
XCA,True,0.0,1.0,01,0
ILA,True,0.0,1.0,01,0
HZ,True,0.0,1.0,01,0
CZ,True,0.0,1.0,01,0
DX,True,0.0,1.0,01,0
NM,True,0.0,1.0,01,0
LQ,True,0.0,1.0,01,0
CNA,False,1.0,0.0,10,1
DG,True,0.0,1.0,01,0
NL,False,1.0,0.0,10,1
DHA,False,1.0,0.0,10,1
RI,True,0.0,1.0,01,0
BM,True,0.0,1.0,01,0
UJA,True,0.0,1.0,01,0
ACA,True,0.0,1.0,01,0
CD,True,0.0,1.0,01,0
PDA,True,0.0,1.0,01,0
MD,True,0.0,1.0,01,0
KLA,True,0.0,1.0,01,0
XZ,True,0.0,1.0,01,0
AC,True,0.0,1.0,01,0
ZJA,True,0.0,1.0,01,0
RKA,True,0.0,1.0,01,0
UM,True,0.0,1.0,01,0
MHA,True,0.0,1.0,01,0
WA,False,1.0,0.0,10,1
VI,True,0.0,1.0,01,0
PO,True,0.0,1.0,01,0
WU,True,0.0,1.0,01,0
LV,False,1.0,0.0,10,1
ALA,True,0.0,1.0,01,0
ZW,True,0.0,1.0,01,0
CKA,True,0.0,1.0,01,0
X,False,1.0,0.0,10,1
LR,True,0.0,1.0,01,0
PF,True,0.0,1.0,01,0
TY,False,1.0,0.0,10,1
OV,True,0.0,1.0,01,0
GLA,True,0.0,1.0,01,0
DFA,True,0.0,1.0,01,0
XO,True,0.0,1.0,01,0
FGA,True,0.0,1.0,01,0
NX,True,0.0,1.0,01,0
FAA,True,0.0,1.0,01,0
T,True,0.0,1.0,01,0
WK,True,0.0,1.0,01,0
ZQ,True,0.0,1.0,01,0
RA,False,1.0,0.0,10,1
OBA,False,1.0,0.0,10,1
ER,True,0.0,1.0,01,0
MDA,True,0.0,1.0,01,0
SBA,True,0.0,1.0,01,0
QE,True,0.0,1.0,01,0
QGA,True,0.0,1.0,01,0
AK,True,0.0,1.0,01,0
FW,True,0.0,1.0,01,0
VA,True,0.0,1.0,01,0
M,False,1.0,0.0,10,1
NB,True,0.0,1.0,01,0
TCA,True,0.0,1.0,01,0
MIA,True,0.0,1.0,01,0
CE,True,0.0,1.0,01,0
KCA,True,0.0,1.0,01,0
SE,True,0.0,1.0,01,0
O,True,0.0,1.0,01,0
QD,True,0.0,1.0,01,0
ABA,True,0.0,1.0,01,0
JJ,True,0.0,1.0,01,0
PW,True,0.0,1.0,01,0
YJ,False,1.0,0.0,10,1
PG,True,0.0,1.0,01,0
LO,True,0.0,1.0,01,0
ZJ,True,0.0,1.0,01,0
WO,True,0.0,1.0,01,0
RG,False,1.0,0.0,10,1
RV,False,1.0,0.0,10,1
ZG,True,0.0,1.0,01,0
BDA,True,0.0,1.0,01,0
ZL,True,0.0,1.0,01,0
LDA,True,0.0,1.0,01,0
ZI,True,0.0,1.0,01,0
UY,True,0.0,1.0,01,0
FS,False,1.0,0.0,10,1
UJ,True,0.0,1.0,01,0
EB,True,0.0,1.0,01,0
JI,True,0.0,1.0,01,0
DY,True,0.0,1.0,01,0
JK,True,0.0,1.0,01,0
ZMA,True,0.0,1.0,01,0
JF,True,0.0,1.0,01,0
BFA,True,0.0,1.0,01,0
XB,True,0.0,1.0,01,0
VJA,False,1.0,0.0,10,1
XM,True,0.0,1.0,01,0
HP,False,1.0,0.0,10,1
A,True,0.0,1.0,01,0
VV,False,1.0,0.0,10,1
NE,False,1.0,0.0,10,1
WQ,True,0.0,1.0,01,0
QB,True,0.0,1.0,01,0
HS,True,0.0,1.0,01,0
EJ,True,0.0,1.0,01,0
HF,True,0.0,1.0,01,0
WFA,True,0.0,1.0,01,0
OQ,True,0.0,1.0,01,0
EG,False,1.0,0.0,10,1
LJ,True,0.0,1.0,01,0
CLA,True,0.0,1.0,01,0
SD,True,0.0,1.0,01,0
TN,True,0.0,1.0,01,0
JCA,True,0.0,1.0,01,0
V,True,0.0,1.0,01,0
DS,True,0.0,1.0,01,0
VK,True,0.0,1.0,01,0
AP,True,0.0,1.0,01,0
MW,True,0.0,1.0,01,0
RC,True,0.0,1.0,01,0
ZBA,True,0.0,1.0,01,0
XEA,True,0.0,1.0,01,0
IM,True,0.0,1.0,01,0
YW,False,1.0,0.0,10,1
VFA,True,0.0,1.0,01,0
DBA,True,0.0,1.0,01,0
EN,True,0.0,1.0,01,0
WB,False,1.0,0.0,10,1
HIA,True,0.0,1.0,01,0
UF,True,0.0,1.0,01,0
NS,True,0.0,1.0,01,0
INA,False,1.0,0.0,10,1
IO,True,0.0,1.0,01,0
PA,False,1.0,0.0,10,1
HH,True,0.0,1.0,01,0
YY,True,0.0,1.0,01,0
MB,False,1.0,0.0,10,1
ES,True,0.0,1.0,01,0
FK,True,0.0,1.0,01,0
GX,True,0.0,1.0,01,0
FO,True,0.0,1.0,01,0
NP,True,0.0,1.0,01,0
SLA,True,0.0,1.0,01,0
KEA,True,0.0,1.0,01,0
DW,True,0.0,1.0,01,0
EZ,False,1.0,0.0,10,1
OGA,True,0.0,1.0,01,0
YB,True,0.0,1.0,01,0
TD,True,0.0,1.0,01,0
NA,True,0.0,1.0,01,0
AV,True,0.0,1.0,01,0
DNA,True,0.0,1.0,01,0
IFA,True,0.0,1.0,01,0
QS,True,0.0,1.0,01,0
KZ,True,0.0,1.0,01,0
KX,True,0.0,1.0,01,0
WD,False,1.0,0.0,10,1
W,True,0.0,1.0,01,0
VE,True,0.0,1.0,01,0
IF,True,0.0,1.0,01,0
ZZ,True,0.0,1.0,01,0
JNA,False,1.0,0.0,10,1
KY,True,0.0,1.0,01,0
KL,False,1.0,0.0,10,1
GR,False,1.0,0.0,10,1
QL,False,1.0,0.0,10,1
RW,True,0.0,1.0,01,0
KI,True,0.0,1.0,01,0
YQ,True,0.0,1.0,01,0
UW,True,0.0,1.0,01,0
OU,True,0.0,1.0,01,0
LBA,True,0.0,1.0,01,0
IU,True,0.0,1.0,01,0
CGA,True,0.0,1.0,01,0
AAA,False,1.0,0.0,10,1
ENA,True,0.0,1.0,01,0
LA,False,1.0,0.0,10,1
NLA,True,0.0,1.0,01,0
LW,True,0.0,1.0,01,0
QI,False,1.0,0.0,10,1
BJ,True,0.0,1.0,01,0
FH,True,0.0,1.0,01,0
OO,True,0.0,1.0,01,0
XL,True,0.0,1.0,01,0
OI,False,1.0,0.0,10,1
BK,True,0.0,1.0,01,0
RAA,True,0.0,1.0,01,0
OZ,True,0.0,1.0,01,0
IL,True,0.0,1.0,01,0
WM,True,0.0,1.0,01,0
HO,True,0.0,1.0,01,0
LG,True,0.0,1.0,01,0
ZV,True,0.0,1.0,01,0
TX,True,0.0,1.0,01,0
QV,True,0.0,1.0,01,0
GZ,False,1.0,0.0,10,1
MS,True,0.0,1.0,01,0
HX,True,0.0,1.0,01,0
LIA,True,0.0,1.0,01,0
HGA,True,0.0,1.0,01,0
NG,False,1.0,0.0,10,1
R,False,1.0,0.0,10,1
ZK,True,0.0,1.0,01,0
WI,False,1.0,0.0,10,1
PE,True,0.0,1.0,01,0
QG,True,0.0,1.0,01,0
JV,True,0.0,1.0,01,0
AA,True,0.0,1.0,01,0
LNA,False,1.0,0.0,10,1
MO,True,0.0,1.0,01,0
OB,True,0.0,1.0,01,0
LM,True,0.0,1.0,01,0
NAA,False,1.0,0.0,10,1
WIA,False,1.0,0.0,10,1
HJA,True,0.0,1.0,01,0
FG,True,0.0,1.0,01,0
HD,True,0.0,1.0,01,0
IAA,False,1.0,0.0,10,1
KNA,True,0.0,1.0,01,0
OY,False,1.0,0.0,10,1
ZU,True,0.0,1.0,01,0
HKA,True,0.0,1.0,01,0
ZY,True,0.0,1.0,01,0
NU,True,0.0,1.0,01,0
PU,True,0.0,1.0,01,0
MMA,False,1.0,0.0,10,1
UH,False,1.0,0.0,10,1
VC,True,0.0,1.0,01,0
FR,True,0.0,1.0,01,0
HFA,True,0.0,1.0,01,0
BAA,True,0.0,1.0,01,0
QP,True,0.0,1.0,01,0
GP,True,0.0,1.0,01,0
JZ,True,0.0,1.0,01,0
MF,False,1.0,0.0,10,1
HR,True,0.0,1.0,01,0
B,True,0.0,1.0,01,0
CH,True,0.0,1.0,01,0
YHA,True,0.0,1.0,01,0
LU,True,0.0,1.0,01,0
QA,True,0.0,1.0,01,0
WG,True,0.0,1.0,01,0
GK,True,0.0,1.0,01,0
JX,True,0.0,1.0,01,0
PK,True,0.0,1.0,01,0
KT,True,0.0,1.0,01,0
ZAA,True,0.0,1.0,01,0
DJ,True,0.0,1.0,01,0
CU,False,1.0,0.0,10,1
VKA,True,0.0,1.0,01,0
XR,True,0.0,1.0,01,0
XQ,True,0.0,1.0,01,0
SF,True,0.0,1.0,01,0
BCA,True,0.0,1.0,01,0
XLA,True,0.0,1.0,01,0
DLA,True,0.0,1.0,01,0
KR,True,0.0,1.0,01,0
VD,True,0.0,1.0,01,0
TE,False,1.0,0.0,10,1
CI,True,0.0,1.0,01,0
CJA,False,1.0,0.0,10,1
ZT,True,0.0,1.0,01,0
DL,True,0.0,1.0,01,0
EW,True,0.0,1.0,01,0
XF,True,0.0,1.0,01,0
CAA,True,0.0,1.0,01,0
PR,True,0.0,1.0,01,0
XDA,True,0.0,1.0,01,0
CW,True,0.0,1.0,01,0
GS,True,0.0,1.0,01,0
YFA,True,0.0,1.0,01,0
TG,True,0.0,1.0,01,0
MCA,True,0.0,1.0,01,0
E,True,0.0,1.0,01,0
UI,True,0.0,1.0,01,0
RO,True,0.0,1.0,01,0
LH,True,0.0,1.0,01,0
PB,True,0.0,1.0,01,0
MV,True,0.0,1.0,01,0
GG,False,1.0,0.0,10,1
KIA,True,0.0,1.0,01,0
FFA,False,1.0,0.0,10,1
IMA,False,1.0,0.0,10,1
QC,True,0.0,1.0,01,0
WS,True,0.0,1.0,01,0
SZ,True,0.0,1.0,01,0
FE,True,0.0,1.0,01,0
CM,True,0.0,1.0,01,0
LD,True,0.0,1.0,01,0
ET,True,0.0,1.0,01,0
GO,True,0.0,1.0,01,0
HL,True,0.0,1.0,01,0
HQ,True,0.0,1.0,01,0
TI,True,0.0,1.0,01,0
ZGA,True,0.0,1.0,01,0
MKA,True,0.0,1.0,01,0
JO,True,0.0,1.0,01,0
BP,False,1.0,0.0,10,1
CBA,True,0.0,1.0,01,0
BD,True,0.0,1.0,01,0
EDA,True,0.0,1.0,01,0
EBA,True,0.0,1.0,01,0
RIA,True,0.0,1.0,01,0
ZCA,True,0.0,1.0,01,0
QU,True,0.0,1.0,01,0
UGA,True,0.0,1.0,01,0
BC,False,1.0,0.0,10,1
FZ,True,0.0,1.0,01,0
WBA,True,0.0,1.0,01,0
QH,False,1.0,0.0,10,1
GM,True,0.0,1.0,01,0
HN,True,0.0,1.0,01,0
IQ,True,0.0,1.0,01,0
PV,True,0.0,1.0,01,0
VB,True,0.0,1.0,01,0
LK,True,0.0,1.0,01,0
GMA,False,1.0,0.0,10,1
WKA,True,0.0,1.0,01,0
UO,False,1.0,0.0,10,1
UAA,False,1.0,0.0,10,1
IK,True,0.0,1.0,01,0
NV,True,0.0,1.0,01,0
CC,True,0.0,1.0,01,0
Y,True,0.0,1.0,01,0
QK,True,0.0,1.0,01,0
